flare_id,start_UTC_solo,peak_UTC_solo,end_UTC_solo,start_earth,peak_earth,end_earth,earth_shift_s,goes_est_class,goes_class_at_flare,visible_from_earth,hpc_x_earth,hpc_y_earth,att_in,cts_4_10keV,cts_25_50keV,n_mwa_obs,n_mwa_obs_archived,mwa_overlap_s,mwa_projects,mwa_min_sun_sep_deg,mwa_freq_min_mhz,mwa_freq_max_mhz,mwa_obs_ids
2208280112,2022-08-28T00:52:00.184,2022-08-28T01:12:24.186,2022-08-28T01:42:52.189,2022-08-28 00:53:52.958689902,2022-08-28 01:14:16.960689902,2022-08-28 01:44:44.963689902,112.77468990164792,M1,M1.5,True,799.6109837641238,-473.88477812184846,False,94207,863,1,1,16.0,G0060,3.117567076649399,72.32,169.6,1345684848
2208280118,2022-08-28T00:52:00.184,2022-08-28T01:18:16.186,2022-08-28T01:42:52.189,2022-08-28 00:53:52.976488829,2022-08-28 01:20:08.978488829,2022-08-28 01:44:44.981488829,112.79248882903904,M1,M1.5,True,808.6213227528539,-467.4629074337263,False,94207,863,1,1,16.0,G0060,3.117567076649399,72.32,169.6,1345684848
2211120013,2022-11-12T00:06:43.951,2022-11-12T00:13:55.952,2022-11-12T01:06:19.957,2022-11-12 00:09:44.320481482,2022-11-12 00:16:56.321481482,2022-11-12 01:09:20.326481482,180.36948148186713,M1,M1.2,True,353.20686641499793,180.0581949931098,False,139263,863,1,1,16.0,G0060,3.335631239033805,72.32,169.6,1352249816
2211150551,2022-11-15T05:44:40.051,2022-11-15T05:51:40.052,2022-11-15T06:09:44.054,2022-11-15 05:47:22.126252245,2022-11-15 05:54:22.127252245,2022-11-15 06:12:26.129252245,162.07525224462043,M1,C8.9,True,870.1858926621771,338.1514588713032,False,139263,799,1,1,16.0,G0060,2.086637600429736,72.32,169.6,1352527240
2212150703,2022-12-15T06:55:28.275,2022-12-15T07:03:44.276,2022-12-15T08:35:24.286,2022-12-15 06:56:13.685746300,2022-12-15 07:04:29.686746300,2022-12-15 08:36:09.696746300,45.41074630023342,M2,M2.4,True,772.6189437582137,-385.4572374419025,False,155647,863,1,1,16.0,G0060,4.967919057226577,72.32,169.6,1355123216
2212160215,2022-12-16T02:13:32.197,2022-12-16T02:15:12.197,2022-12-16T02:18:32.197,2022-12-16 02:14:15.741506774,2022-12-16 02:15:55.741506774,2022-12-16 02:19:15.741506774,43.544506773952314,M1,M2.6,True,875.2660155383011,-379.3248871616505,False,63487,799,1,1,16.0,G0060,2.487628105348881,72.32,169.6,1355192120
2212270051,2022-12-27T00:32:00.334,2022-12-27T00:51:52.336,2022-12-27T01:34:48.341,2022-12-27 00:32:24.291116389,2022-12-27 00:52:16.293116389,2022-12-27 01:35:12.298116389,23.957116389467497,M2,M2.1,True,-823.0189211550169,307.1766277067144,False,126975,863,1,1,16.0,G0060,3.9804620946234577,72.32,169.6,1356138280
2301060056,2023-01-06T00:47:23.934,2023-01-06T00:56:39.935,2023-01-06T02:00:31.942,2023-01-06 00:47:39.452209891,2023-01-06 00:56:55.453209891,2023-01-06 02:00:47.460209891,15.518209891315449,X1,X1.2,True,-888.0111551268492,-357.7493096041622,False,1245183,10751,1,1,16.0,G0060,4.3721360372002,72.32,169.6,1357002648
2301070049,2023-01-07T00:37:56.083,2023-01-07T00:49:44.084,2023-01-07T01:47:08.090,2023-01-07 00:38:11.251979593,2023-01-07 00:49:59.252979593,2023-01-07 01:47:23.258979593,15.168979593332708,M2,M1.6,True,-826.8075200682506,-353.76569393491656,False,126975,927,1,1,16.0,G0060,4.276812315632193,72.32,169.6,1357089088
2301090059,2023-01-09T00:31:12.283,2023-01-09T00:59:20.286,2023-01-09T01:37:52.290,2023-01-09 00:31:27.016688608,2023-01-09 00:59:35.019688608,2023-01-09 01:38:07.023688608,14.733688607724256,M1,M1.1,True,-932.2643909221516,-260.4051874158911,False,55295,799,1,1,16.0,G0060,4.086650151470653,72.32,169.6,1357261976
2301090056,2023-01-09T00:31:12.283,2023-01-09T00:56:48.286,2023-01-09T01:37:52.290,2023-01-09 00:31:27.016936723,2023-01-09 00:57:03.019936723,2023-01-09 01:38:07.023936723,14.733936722536152,M1,M1.1,True,-932.2641219750512,-260.402662930848,False,55295,799,1,1,16.0,G0060,4.086650151470653,72.32,169.6,1357261976
2301110056,2023-01-11T00:40:12.485,2023-01-11T00:56:32.486,2023-01-11T01:41:32.491,2023-01-11 00:40:27.142389016,2023-01-11 00:56:47.143389016,2023-01-11 01:41:47.148389016,14.657389015880783,M2,M2.5,True,-803.9918981874362,425.0171843093717,False,126975,799,1,1,16.0,G0060,3.874328630398128,72.32,169.6,1357434856
2301110155,2023-01-11T01:45:40.491,2023-01-11T01:55:08.492,2023-01-11T02:22:44.496,2023-01-11 01:45:55.150623544,2023-01-11 01:55:23.151623544,2023-01-11 02:22:59.155623544,14.659623543565427,M9,M5.7,True,-757.679091705475,-226.29048141493993,False,753663,5375,1,1,16.0,G0060,1.9794552884955516,200.32,231.04,1357437072
2302080252,2023-02-08T01:45:56.887,2023-02-08T02:52:36.894,2023-02-08T03:11:48.896,2023-02-08 01:46:48.271889096,2023-02-08 02:53:28.278889096,2023-02-08 03:12:40.280889096,51.384889095910445,M3,M2.1,True,-4.0955419866368175,569.5553508781495,False,237567,863,4,4,64.0,G0060,1.5839927208801383,72.32,231.04,1359856960 1359859200 1359860504 1359861144
2302090309,2023-02-09T02:45:03.744,2023-02-09T03:09:31.747,2023-02-09T03:55:59.752,2023-02-09 02:45:57.811717272,2023-02-09 03:10:25.814717272,2023-02-09 03:56:53.819717272,54.06771727215891,M3,M3.1,True,184.2828046697686,570.664351176403,False,253951,799,2,2,80.0,C001 G0060,3.1468134719000127,72.32,169.6,1359948176 1359949136
2302090716,2023-02-09T07:11:19.772,2023-02-09T07:16:47.773,2023-02-09T07:35:51.775,2023-02-09 07:12:14.305562812,2023-02-09 07:17:42.306562812,2023-02-09 07:36:46.308562812,54.533562812474315,M1,M1.1,True,-888.8402961276006,-153.2325796478681,False,69631,991,1,1,16.0,G0060,3.795005436063121,72.32,169.6,1359962064
2302100804,2023-02-10T07:33:27.726,2023-02-10T08:04:51.730,2023-02-10T08:29:11.732,2023-02-10 07:34:25.114626147,2023-02-10 08:05:49.118626147,2023-02-10 08:30:09.120626147,57.388626146856474,M2,M1.4,True,396.0527132905762,572.2161589390448,False,126975,863,1,1,16.0,G0060,5.610241021706752,72.32,169.6,1360051096
2302210441,2023-02-21T04:33:38.573,2023-02-21T04:41:10.574,2023-02-21T05:21:02.578,2023-02-21 04:35:12.331454122,2023-02-21 04:42:44.332454122,2023-02-21 05:22:36.336454122,93.75845412190998,M1,C9.6,True,-834.2399418554269,438.4014643001096,False,77823,863,1,1,16.0,G0060,3.5453018000342196,72.32,169.6,1360989808
2302220501,2023-02-22T04:50:38.629,2023-02-22T05:01:50.630,2023-02-22T06:02:58.536,2023-02-22 04:52:16.389492383,2023-02-22 05:03:28.390492383,2023-02-22 06:04:36.296492383,97.76049238331812,M1,M1.4,True,-733.7898038893472,470.9752926007637,False,94207,799,1,1,16.0,G0060,2.4987304241438335,72.32,169.6,1361080888
2302230612,2023-02-23T05:59:18.588,2023-02-23T06:12:02.590,2023-02-23T06:41:38.593,2023-02-23 06:01:00.597982702,2023-02-23 06:13:44.599982702,2023-02-23 06:43:20.602982702,102.00998270224554,M2,M1.5,True,-303.9624717873521,417.09535994809227,False,188415,2175,1,1,16.0,G0060,2.919638518247129,72.32,169.6,1361169224
2303010104,2023-03-01T00:58:10.770,2023-03-01T01:04:02.771,2023-03-01T02:00:34.777,2023-03-01 01:00:18.306695629,2023-03-01 01:06:10.307695629,2023-03-01 02:02:42.313695629,127.53669562884814,M1,M1.0,True,524.5611666735864,519.3181805168128,False,110591,863,1,1,16.0,G0060,2.8443321718676793,72.32,169.6,1361669008
2303020446,2023-03-02T04:37:34.746,2023-03-02T04:46:54.747,2023-03-02T05:55:58.754,2023-03-02 04:39:47.806642220,2023-03-02 04:49:07.807642220,2023-03-02 05:58:11.814642220,133.06064222038427,M1,C9.2,True,773.8514996813362,412.6261638696909,False,94207,991,2,2,17.81464222,G0060,3.968819215343622,72.32,169.6,1361770440 1361771968
2303060222,2023-03-06T02:11:04.838,2023-03-06T02:22:56.839,2023-03-06T03:37:16.847,2023-03-06 02:13:37.635475158,2023-03-06 02:25:29.636475158,2023-03-06 03:39:49.644475158,152.79747515756935,M5,M5.8,True,793.2584045986689,364.8143324543591,False,819199,1215,2,2,32.0,G0060,3.9784849844697776,72.32,169.6,1362104024 1362105632
2303180711,2023-03-18T06:54:48.800,2023-03-18T07:11:32.802,2023-03-18T07:25:24.804,2023-03-18 06:58:34.043435253,2023-03-18 07:15:18.045435253,2023-03-18 07:29:10.047435253,225.24343525251535,M1,C9.4,True,-846.8796910271049,-285.2037749757446,False,188415,2431,2,2,32.0,G0060,3.3585477153872128,72.32,169.6,1363158016 1363159728
2308040358,2023-08-04T03:41:38.020,2023-08-04T03:58:14.022,2023-08-04T05:08:18.029,2023-08-04 03:42:37.065155702,2023-08-04 03:59:13.067155702,2023-08-04 05:09:17.074155702,59.045155701600585,M1,M2.0,True,850.5449093112011,141.7992340724564,False,69631,799,4,4,3020.934844298,G0093,8.02157040155362,80.0,220.8,1375155136 1375156040 1375156944 1375157848
2310010121,2023-10-01T01:04:13.946,2023-10-01T01:21:37.948,2023-10-01T02:37:41.957,2023-10-01 01:09:51.300908721,2023-10-01 01:27:15.302908721,2023-10-01 02:43:19.311908721,337.35490872072694,M1,M2.5,True,-829.3472772429232,127.52417704747644,False,688127,1087,3,3,48.0,G0060,3.2058834784217405,72.32,169.6,1380158224 1380158832 1380162160
2312120336,2023-12-12T03:32:14.165,2023-12-12T03:36:42.166,2023-12-12T04:17:18.170,2023-12-12 03:32:54.534270108,2023-12-12 03:37:22.535270108,2023-12-12 04:17:58.539270108,40.369270108464995,M1,C9.1,True,286.38314100210744,70.28498830083603,False,63487,863,13,13,1236.539270108,C001 D0048,3.4875388158212153,81.28,169.6,1386387720 1386388304 1386388616 1386388816 1386388936 1386389056 1386389176 1386389296 1386389416 1386389536 1386389656 1386389776 1386389896
2312210532,2023-12-21T05:18:58.571,2023-12-21T05:32:14.573,2023-12-21T06:38:22.580,2023-12-21 05:19:23.052515288,2023-12-21 05:32:39.054515288,2023-12-21 06:38:47.061515288,24.481515287948707,M5,M4.2,True,922.720708659313,-208.07290017455423,False,376831,799,25,25,4644.009,G0002 OA003,0.1759747124988712,72.32,289.92,1387170984 1387171224 1387171464 1387171816 1387171936 1387172056 1387172176 1387172296 1387172424 1387172664 1387172904 1387173144 1387173384 1387173624 1387173864 1387174216 1387174336 1387174456 1387174576 1387174696 1387174824 1387175064 1387175304 1387175544 1387175784
2402120345,2024-02-12T03:22:44.395,2024-02-12T03:45:44.397,2024-02-12T04:35:52.402,2024-02-12 03:24:04.385697226,2024-02-12 03:47:04.387697226,2024-02-12 04:37:12.392697226,79.99069722629275,M6,M6.5,True,452.6847540288264,-154.4046883973353,False,688127,1855,2,2,1166.392697226,G0093,7.959556219180839,80.0,220.8,1391746744 1391747040
2405140143,2024-05-14T01:20:20.085,2024-05-14T01:43:12.088,2024-05-14T01:57:56.089,2024-05-14 01:22:39.979412655,2024-05-14 01:45:31.982412655,2024-05-14 02:00:15.983412655,139.89441265529177,M3,M2.6,True,900.956897576478,-284.8809840809066,False,344063,1215,1,1,77.983412655,G0002,5.040374762324716,73.6,289.92,1399687216
2405140205,2024-05-14T02:01:28.090,2024-05-14T02:05:24.090,2024-05-14T03:03:52.097,2024-05-14 02:03:47.915619053,2024-05-14 02:07:43.915619053,2024-05-14 03:06:11.922619053,139.82561905298576,X2,X1.7,True,887.8195689945819,-308.54269026763814,True,3372799,34815,3,3,718.084380947,G0002,2.3337821646146852,73.6,289.92,1399687216 1399689016 1399690816
2405220359,2024-05-22T03:30:28.452,2024-05-22T03:59:40.456,2024-05-22T04:37:24.460,2024-05-22 03:32:14.889510884,2024-05-22 04:01:26.893510884,2024-05-22 04:39:10.897510884,106.4375108844206,M1,M2.3,True,877.6970398052374,-397.9276766351966,False,102399,799,3,3,283.110489116,G0002,2.4170663763502422,73.6,289.92,1400383816 1400385616 1400387416
2406080152,2024-06-08T01:26:17.009,2024-06-08T01:52:25.012,2024-06-08T02:56:37.019,2024-06-08 01:27:14.322933948,2024-06-08 01:53:22.325933948,2024-06-08 02:57:34.332933948,57.313933948140864,M3,M9.8,True,914.5264889251978,-258.3377914926057,False,278527,799,2,2,240.0,G0002,1.7455151319958602,73.6,289.92,1401847216 1401849016
2406090659,2024-06-09T06:42:13.000,2024-06-09T06:59:37.002,2024-06-09T07:49:53.007,2024-06-09 06:43:07.800859148,2024-06-09 07:00:31.802859148,2024-06-09 07:50:47.807859148,54.80085914791632,M2,M1.7,True,901.7371502675348,-292.4317644492837,False,118783,1343,1,1,16.0,G0060,10.46544846153976,72.32,169.6,1401952840
2406230628,2024-06-23T06:21:44.785,2024-06-23T06:28:36.786,2024-06-23T06:36:40.787,2024-06-23 06:22:19.885950974,2024-06-23 06:29:11.886950974,2024-06-23 06:37:15.887950974,35.100950973941714,M2,M2.4,True,907.7079883677718,151.60544356149092,False,139263,735,1,1,120.0,G0002,2.4382436906823433,73.6,289.92,1403159416
2406240450,2024-06-24T03:27:56.922,2024-06-24T04:50:44.931,2024-06-24T05:47:00.937,2024-06-24 03:28:31.305868901,2024-06-24 04:51:19.314868901,2024-06-24 05:47:35.320868901,34.38386890102413,M2,M1.9,True,824.3340672590243,-455.39458580575734,False,102399,1087,8,8,824.0,G0002 G0060 OA004,3.6679669651321087,72.32,289.92,1403235016 1403235392 1403236816 1403238616 1403239360 1403240416 1403241136 1403242216
2407210353,2024-07-21T03:37:57.045,2024-07-21T03:53:57.047,2024-07-21T04:09:37.049,2024-07-21 03:38:42.298594847,2024-07-21 03:54:42.300594847,2024-07-21 04:10:22.302594847,45.253594847607054,M1,M1.5,True,905.7387477929706,204.8964736126389,False,86015,991,5,2,160.0,G0002 G0060,1.7023505137470958,72.32,289.92,1405568408 1405568848 1405569464 1405569616 1405570064
2407260441,2024-07-26T04:33:04.837,2024-07-26T04:41:08.837,2024-07-26T05:05:28.840,2024-07-26 04:33:58.987236102,2024-07-26 04:42:02.987236102,2024-07-26 05:06:22.990236102,54.1502361017009,M2,M1.7,True,892.5530870145526,-206.63030573324423,False,139263,735,5,1,152.0,G0002,1.0792565298278625,73.6,289.92,1406003680 1406004280 1406004880 1406005216 1406005488
2407300102,2024-07-30T00:00:03.535,2024-07-30T01:02:35.542,2024-07-30T01:38:11.546,2024-07-30 00:01:06.008248776,2024-07-30 01:03:38.015248776,2024-07-30 01:39:14.019248776,62.47324877571434,M2,M1.7,True,869.7882173372954,-239.6473087225998,False,110591,735,5,2,56.0,G0002 G0060,3.7837598151291703,72.32,289.92,1406335040 1406336880 1406337480 1406337792 1406338408
2408010704,2024-08-01T06:56:07.695,2024-08-01T07:04:07.695,2024-08-01T07:22:03.697,2024-08-01 06:57:15.651138483,2024-08-01 07:05:15.651138483,2024-08-01 07:23:11.653138483,67.95613848324517,M7,M8.2,True,860.9690061884507,-290.47470178484116,False,688127,2943,3,1,32.0,G0002 G0060,3.1330109436600755,72.32,289.92,1406531072 1406531168 1406531784
2408020356,2024-08-02T03:50:55.731,2024-08-02T03:56:19.732,2024-08-02T04:06:07.733,2024-08-02 03:52:05.929144556,2024-08-02 03:57:29.930144556,2024-08-02 04:07:17.931144556,70.19814455595815,M1,M1.2,True,899.3767066170061,-290.48518449401024,False,94207,799,2,1,128.0,G0002,2.73091973226206,73.6,289.92,1406606416 1406606536
2408020430,2024-08-02T04:25:43.735,2024-08-02T04:30:47.736,2024-08-02T04:33:11.736,2024-08-02 04:26:53.995820803,2024-08-02 04:31:57.996820803,2024-08-02 04:34:21.996820803,70.26082080345365,M3,M2.9,True,895.027381651699,-281.79924787633695,False,278527,1343,2,1,128.0,G0002,2.8847088419840405,73.6,289.92,1406608216 1406608456
2408020448,2024-08-02T04:35:55.737,2024-08-02T04:48:03.738,2024-08-02T05:11:11.740,2024-08-02 04:37:06.029557935,2024-08-02 04:49:14.030557935,2024-08-02 05:12:22.032557935,70.29255793518603,M6,M7.4,True,894.4641505087218,-277.7227820762702,False,622591,1343,5,2,160.0,G0002 G0060,1.2821257772986754,72.32,289.92,1406609064 1406609328 1406609944 1406610016 1406610544
2409120007,2024-09-11T23:51:48.497,2024-09-12T00:07:04.499,2024-09-12T01:11:12.506,2024-09-11 23:56:08.536336300,2024-09-12 00:11:24.538336300,2024-09-12 01:15:32.545336300,260.03933630015655,M2,M5.0,True,925.2156819030274,-271.05243068904673,False,376831,735,2,1,24.0,G0002 G0060,2.0979089909624853,72.32,289.92,1410136952 1410138856
2409120613,2024-09-12T06:00:52.539,2024-09-12T06:13:12.540,2024-09-12T07:12:48.546,2024-09-12 06:05:14.257460017,2024-09-12 06:17:34.258460017,2024-09-12 07:17:10.264460017,261.71846001719365,M1,M2.8,True,925.4311901063912,-271.5381606603196,False,278527,735,8,3,168.0,G0002 G0060,1.3805289765449942,72.32,289.92,1410156816 1410157472 1410157840 1410158536 1410158552 1410158856 1410159472 1410160344
2409302349,2024-09-30T23:35:22.573,2024-09-30T23:49:58.574,2024-10-01T00:47:10.581,2024-09-30 23:41:16.182440061,2024-09-30 23:55:52.183440061,2024-10-01 00:53:04.190440061,353.6094400612486,M4,M7.7,True,-329.9766431709286,-408.5514358728779,True,3487394,5887,4,4,64.0,G0060,2.463900278211206,72.32,169.6,1411775104 1411776352 1411777216 1411778072
2410020530,2024-10-02T05:24:29.976,2024-10-02T05:30:21.976,2024-10-02T06:31:45.983,2024-10-02 05:30:22.535071098,2024-10-02 05:36:14.535071098,2024-10-02 06:37:38.542071098,352.5590710980268,M3,M3.6,True,-49.41636502416805,-410.95556084179407,True,2284787,3711,18,17,3659.464928902,G0002 G0060 OA004,0.5386645108543783,72.32,289.92,1411881976 1411882216 1411882456 1411882696 1411882936 1411883176 1411883416 1411883656 1411883896 1411884136 1411884376 1411884616 1411884856 1411885096 1411885336 1411885576 1411885816 1411886000
2410040448,2024-10-04T04:21:57.995,2024-10-04T04:48:02.000,2024-10-04T05:40:38.004,2024-10-04 04:27:46.120638607,2024-10-04 04:53:50.125638607,2024-10-04 05:46:26.129638607,348.12563860686066,M1,M1.2,True,142.2667110171558,-411.1584779443118,False,753663,799,21,21,4840.009,OA004,0.6060818222240885,73.6,289.92,1412051176 1412051416 1412051656 1412051896 1412052136 1412052376 1412052616 1412052856 1412053096 1412053336 1412053576 1412053816 1412054056 1412054296 1412054536 1412054776 1412055016 1412055256 1412055496 1412055736 1412055976
2410090135,2024-10-09T01:19:47.691,2024-10-09T01:35:23.693,2024-10-09T02:47:23.701,2024-10-09 01:25:13.398247131,2024-10-09 01:40:49.400247131,2024-10-09 02:52:49.408247131,325.70724713061804,M3,X1.8,True,235.9076662229517,55.90218010293197,False,1376255,29695,9,4,88.601752869,G0002 G0060,1.321006846808078,72.32,289.92,1412472256 1412472272 1412472872 1412473456 1412474072 1412474416 1412475632 1412475648 1412476248
2410150206,2024-10-15T01:58:03.956,2024-10-15T02:06:39.957,2024-10-15T02:50:35.962,2024-10-15 02:02:50.407116880,2024-10-15 02:11:26.408116880,2024-10-15 02:55:22.413116880,286.4511168796686,M2,M1.9,True,427.7863778927082,-223.75756753957367,False,557055,799,5,1,48.0,G0002 G0060,2.654017955872402,72.32,289.92,1412994064 1412994080 1412994680 1412995280 1412995888
2410160508,2024-10-16T05:02:52.137,2024-10-16T05:08:44.139,2024-10-16T05:30:56.142,2024-10-16 05:07:30.783030404,2024-10-16 05:13:22.785030404,2024-10-16 05:35:34.788030404,278.64603040447787,M2,M2.8,True,633.5360616703786,-207.9882550073901,False,688127,927,4,1,40.0,G0002 G0060,2.466162512702705,72.32,289.92,1413090496 1413091104 1413091144 1413091760
2410170500,2024-10-17T04:53:32.197,2024-10-17T05:00:52.197,2024-10-17T05:20:08.200,2024-10-17 04:58:03.934466491,2024-10-17 05:05:23.934466491,2024-10-17 05:24:39.937466491,271.73746649109125,M2,M2.4,True,847.5152820015525,-138.172567089043,False,753663,4863,2,1,24.0,G0002 G0060,2.09194746190352,72.32,289.92,1413177024 1413177560
2410240347,2024-10-24T03:34:44.308,2024-10-24T03:47:20.309,2024-10-24T04:58:12.317,2024-10-24 03:38:28.847525008,2024-10-24 03:51:04.848525008,2024-10-24 05:01:56.856525008,224.53952500774437,X2,X3.3,True,-877.4220425733365,-358.8886721418799,False,5531827,25599,18,11,504.0,G0002,0.3244538225744967,71.04,320.64,1413776512 1413776536 1413776552 1413776672 1413776752 1413776776 1413776792 1413776992 1413777016 1413777032 1413777232 1413777256 1413777272 1413778456 1413779056 1413779656 1413780264 1413780864
2410260615,2024-10-26T06:05:48.443,2024-10-26T06:15:40.444,2024-10-26T06:26:52.445,2024-10-26 06:09:19.420135860,2024-10-26 06:19:11.421135860,2024-10-26 06:30:23.422135860,210.97713585989143,M7,M9.5,True,-784.9132543755695,-268.52718622163894,True,1675696,2687,2,1,16.0,G0002,1.981971770100752,73.6,289.92,1413958664 1413959272
2410260701,2024-10-26T06:31:00.446,2024-10-26T07:01:28.449,2024-10-26T08:02:52.456,2024-10-26 06:34:31.223160366,2024-10-26 07:04:59.226160366,2024-10-26 08:06:23.233160366,210.77716036570308,X1,X1.9,True,-808.5195091210771,-320.5892833028963,True,2477244,5375,10,2,98.776839634,G0002 G0060,0.7836330708779857,72.32,320.64,1413959528 1413959872 1413960240 1413960856 1413961456 1413962056 1413962664 1413963264 1413963864 1413964472
2411070001,2024-11-06T23:37:53.309,2024-11-07T00:01:49.312,2024-11-07T00:21:45.314,2024-11-06 23:40:17.034035612,2024-11-07 00:04:13.037035612,2024-11-07 00:24:09.039035612,143.72503561200617,M1,M1.6,True,-942.9739817215597,-218.27904390485944,False,102399,671,6,6,223.039035612,G0002,3.764735140940617,128.64,283.52002,1414973632 1414973648 1414973672 1414974224 1414974248 1414974264
2411070414,2024-11-07T03:51:37.337,2024-11-07T04:14:29.340,2024-11-07T05:11:01.346,2024-11-07 03:54:00.170573779,2024-11-07 04:16:52.173573779,2024-11-07 05:13:24.179573779,142.8335737790224,M2,M2.5,True,-23.781281265662983,-198.0553852976934,False,278527,927,14,6,336.0,G0002,2.8241017166984395,71.04,320.64,1414987120 1414987720 1414988320 1414988928 1414989528 1414990128 1414990736 1414990792 1414990808 1414990824 1414991032 1414991056 1414991072 1414991336
2411070722,2024-11-07T07:18:49.360,2024-11-07T07:22:29.361,2024-11-07T07:30:53.362,2024-11-07 07:21:11.530861368,2024-11-07 07:24:51.531861368,2024-11-07 07:33:15.532861368,142.17086136769413,M1,M1.4,True,-87.48426989116706,-198.93079408399413,False,139263,927,4,3,152.0,G0002,3.732101319855045,71.04,320.64,1414999432 1414999456 1414999472 1414999776
2411160135,2024-11-16T01:25:01.050,2024-11-16T01:35:05.051,2024-11-16T02:14:13.055,2024-11-16 01:26:43.091767834,2024-11-16 01:36:47.092767834,2024-11-16 02:15:55.096767834,102.04176783406726,M1,M1.6,True,551.553316073736,-202.98938220737463,False,126975,1087,11,6,320.0,G0002,2.211933913967358,71.04,289.92,1415755680 1415756152 1415756176 1415756192 1415756312 1415756392 1415756408 1415756432 1415756912 1415757512 1415758120
2411250025,2024-11-25T00:04:37.773,2024-11-25T00:25:49.775,2024-11-25T01:02:41.779,2024-11-25 00:05:47.129634897,2024-11-25 00:26:59.131634897,2024-11-25 01:03:51.135634897,69.3566348968578,M1,C8.5,True,-693.7298391442746,-315.04060983508066,False,69631,671,11,11,536.0,G0002,2.395883540045261,71.04,320.64,1416529088 1416529112 1416529312 1416529328 1416529344 1416530040 1416530056 1416530080 1416530640 1416530664 1416530680
2411250451,2024-11-25T04:39:01.803,2024-11-25T04:51:21.804,2024-11-25T05:27:25.808,2024-11-25 04:40:10.570678794,2024-11-25 04:52:30.571678794,2024-11-25 05:28:34.575678794,68.76767879406371,M2,M1.8,True,-667.3712013578042,-331.012147677633,False,139263,735,6,1,216.0,G0002,1.728913526550097,73.6,289.92,1416545336 1416545944 1416546016 1416546544 1416547144 1416547752
2412100647,2024-12-10T06:11:25.885,2024-12-10T06:47:37.889,2024-12-10T07:29:21.894,2024-12-10 06:11:57.533244836,2024-12-10 06:48:09.537244836,2024-12-10 07:29:53.542244836,31.648244836036472,M7,M6.5,True,-892.8757400764152,-307.97924323253363,False,622591,799,2,2,192.0,G0002 G0060,3.4199317610677,72.32,289.92,1417847416 1417849592
2412110602,2024-12-11T05:46:05.941,2024-12-11T06:02:53.943,2024-12-11T06:31:01.946,2024-12-11 05:46:35.928744573,2024-12-11 06:03:23.930744573,2024-12-11 06:31:31.933744573,29.987744573178094,M2,M2.0,True,-807.9490985632874,-311.4504627362358,False,118783,927,28,28,992.005,G0002 G0060,0.4622735821005098,71.04,320.64,1417931064 1417931400 1417932016 1417932248 1417932264 1417932280 1417932480 1417932504 1417932520 1417932744 1417932760 1417932776 1417932968 1417932984 1417933000 1417933200 1417933216 1417933232 1417933440 1417933456 1417933480 1417933672 1417933688 1417933712 1417933872 1417933912 1417933936 1417933952
2412122106,2024-12-12T20:47:49.898,2024-12-12T21:06:21.900,2024-12-12T21:26:09.902,2024-12-12 20:48:17.292202077,2024-12-12 21:06:49.294202077,2024-12-12 21:26:37.296202077,27.394202076596457,M2,M1.6,True,-601.7606392886955,-316.3521978274931,False,155647,735,1,1,16.0,G0060,24.175424494525178,72.32,169.6,1418073792
2412130317,2024-12-13T03:11:17.940,2024-12-13T03:17:33.941,2024-12-13T03:29:21.942,2024-12-13 03:11:44.945175014,2024-12-13 03:18:00.946175014,2024-12-13 03:29:48.947175014,27.00517501404292,M1,M1.0,True,-552.6693184189498,-325.6196657225996,False,86015,927,4,4,186.947175014,G0002,3.5655897009910165,71.04,320.64,1418095328 1418095344 1418095360 1418095816
2412200725,2024-12-20T07:20:10.676,2024-12-20T07:25:22.677,2024-12-20T07:58:58.680,2024-12-20 07:20:29.294035335,2024-12-20 07:25:41.295035335,2024-12-20 07:59:17.298035335,18.61803533521399,M2,M2.1,True,925.910080594371,-338.87749083487904,False,172031,799,3,3,48.0,G0060,1.627551218926871,72.32,169.6,1418715040 1418715152 1418716656
2412210038,2024-12-21T00:36:38.590,2024-12-21T00:38:10.590,2024-12-21T00:44:14.591,2024-12-21 00:36:56.624487003,2024-12-21 00:38:28.624487003,2024-12-21 00:44:32.625487003,18.03448700271005,M4,M2.0,True,-818.1742666915525,-271.9332663792764,False,344063,2943,1,1,16.0,G0060,2.077459093899322,72.32,169.6,1418776688
2412220410,2024-12-22T04:03:26.464,2024-12-22T04:10:06.465,2024-12-22T04:12:50.465,2024-12-22 04:03:43.660934712,2024-12-22 04:10:23.661934712,2024-12-22 04:13:07.661934712,17.196934711767064,M1,M1.1,True,-684.7961070800666,-307.5616630071855,False,77823,1215,2,2,160.0,OA004,3.2977704681375473,73.6,289.92,1418875832 1418875936
2412230628,2024-12-23T06:24:58.538,2024-12-23T06:28:22.538,2024-12-23T06:50:58.541,2024-12-23 06:25:15.044139770,2024-12-23 06:28:39.044139770,2024-12-23 06:51:15.047139770,16.50613977089054,M1,M1.1,True,-240.20159773807973,-200.02501126715845,False,77823,1855,8,8,1328.003,OA004,2.099100946342151,73.6,289.92,1418970256 1418970496 1418970736 1418970976 1418971336 1418971456 1418971696 1418971936
2412240018,2024-12-23T23:32:10.251,2024-12-24T00:18:30.255,2024-12-24T00:29:02.257,2024-12-23 23:32:26.350249986,2024-12-24 00:18:46.354249986,2024-12-24 00:29:18.356249986,16.099249986000792,M6,M4.8,True,-329.55009483150207,-276.31464690997353,False,442367,1727,1,1,16.0,G0060,2.8726976118505743,72.32,169.6,1419033768
2412250448,2024-12-25T04:15:38.339,2024-12-25T04:48:50.343,2024-12-25T05:45:18.349,2024-12-25 04:15:53.888251039,2024-12-25 04:49:05.892251039,2024-12-25 05:45:33.898251039,15.54925103897318,M6,M5.0,True,-87.97948103374802,-296.60639984462034,False,475135,3199,24,24,5500.01,OA004,1.4542284779582524,73.6,289.92,1419135136 1419135376 1419135616 1419135856 1419136096 1419136336 1419136576 1419136816 1419137056 1419137296 1419137536 1419137776 1419138016 1419138256 1419138496 1419138736 1419138976 1419139216 1419139456 1419139696 1419139936 1419140176 1419140416 1419140656
2412260312,2024-12-26T02:24:06.285,2024-12-26T03:12:42.290,2024-12-26T03:45:50.294,2024-12-26 02:24:21.490066234,2024-12-26 03:12:57.495066234,2024-12-26 03:46:05.499066234,15.20506623414319,M7,M7.4,True,-711.2669186217245,328.2313210439863,False,557055,2175,18,18,3683.499066234,OA004,1.4850923272463148,73.6,289.92,1419215336 1419215536 1419215776 1419216016 1419216256 1419216496 1419217248 1419217456 1419217696 1419217936 1419218176 1419218576 1419218656 1419218896 1419219136 1419219376 1419219616 1419219856
2412290517,2024-12-29T05:15:42.478,2024-12-29T05:17:26.478,2024-12-29T05:36:42.480,2024-12-29 05:15:57.091018506,2024-12-29 05:17:41.091018506,2024-12-29 05:36:57.093018506,14.613018505835292,M2,M3.2,True,551.1828431357087,192.8507174318555,False,118783,1599,7,7,1380.002,OA004,2.705473110154652,73.6,289.92,1419484336 1419484576 1419484816 1419485056 1419485296 1419485536 1419485776
2412290547,2024-12-29T05:41:34.480,2024-12-29T05:47:22.481,2024-12-29T06:32:02.486,2024-12-29 05:41:49.091914513,2024-12-29 05:47:37.092914513,2024-12-29 06:32:17.097914513,14.61191451297976,M2,M3.5,True,944.091607425127,287.21422318987237,False,110591,735,14,14,3148.006,OA004,0.4334905536403917,73.6,289.92,1419486016 1419486256 1419486496 1419486736 1419486976 1419487216 1419487456 1419487696 1419487936 1419488176 1419488416 1419488656 1419488896 1419489136
2412290715,2024-12-29T06:51:42.488,2024-12-29T07:15:50.491,2024-12-29T07:51:34.494,2024-12-29 06:51:57.096925907,2024-12-29 07:16:05.099925907,2024-12-29 07:51:49.102925907,14.608925907191315,X1,X1.1,True,550.8509443024152,192.8714591499036,False,1114111,1855,5,5,572.903074093,G0060 OA004,1.5082012159798877,72.32,289.92,1419490096 1419490336 1419490576 1419490968 1419493392
2412290757,2024-12-29T07:55:06.495,2024-12-29T07:57:54.495,2024-12-29T08:42:14.500,2024-12-29 07:55:21.102368309,2024-12-29 07:58:09.102368309,2024-12-29 08:42:29.107368309,14.607368309479776,M3,M4.2,True,544.8301618417906,193.96949873958465,False,204799,735,1,1,16.0,G0060,5.014259240173452,72.32,169.6,1419494560
2412292329,2024-12-29T23:24:14.597,2024-12-29T23:29:34.597,2024-12-29T23:38:10.598,2024-12-29 23:24:29.193111435,2024-12-29 23:29:49.193111435,2024-12-29 23:38:25.194111435,14.596111435196988,M2,M1.9,True,654.9453678309624,187.3490518416502,False,102399,799,1,1,16.0,G0060,3.342489418805654,72.32,169.6,1419550720
2412300046,2024-12-30T00:39:30.605,2024-12-30T00:46:18.606,2024-12-30T00:55:26.607,2024-12-30 00:39:45.201834459,2024-12-30 00:46:33.202834459,2024-12-30 00:55:41.203834459,14.596834459475463,M1,M1.7,True,-272.21495359693654,-274.33822057283055,False,86015,799,1,1,16.0,G0060,1.5137804815778038,72.32,169.6,1419555000
2412300412,2024-12-30T04:02:36.127,2024-12-30T04:12:28.128,2024-12-30T05:26:40.138,2024-12-30 04:02:50.727001993,2024-12-30 04:12:42.728001993,2024-12-30 05:26:54.738001993,14.600001993435352,X1,X1.6,True,714.6718613824586,184.7946341491507,True,1384246,5887,22,22,5164.011,OA004,2.7594568736359206,73.6,289.92,1419566416 1419566656 1419566896 1419567136 1419567376 1419567616 1419567856 1419568096 1419568336 1419568576 1419568816 1419569056 1419569296 1419569536 1419569776 1419570016 1419570256 1419570496 1419570736 1419570976 1419571216 1419571456
2412300623,2024-12-30T06:14:04.142,2024-12-30T06:23:32.143,2024-12-30T07:10:28.150,2024-12-30 06:14:18.744938302,2024-12-30 06:23:46.745938302,2024-12-30 07:10:42.752938302,14.602938302285349,M3,M3.6,True,-224.9952790720854,-275.06815085067865,False,204799,1343,12,12,2799.255061698,OA004,0.4256146973537262,73.6,289.92,1419574336 1419574576 1419574816 1419575056 1419575296 1419575536 1419575776 1419576016 1419576256 1419576496 1419576736 1419576976
2501040516,2025-01-04T05:02:12.723,2025-01-04T05:16:20.725,2025-01-04T06:20:24.732,2025-01-04 05:02:28.585209993,2025-01-04 05:16:36.587209993,2025-01-04 06:20:40.594209993,15.86220999274864,M9,M7.7,True,-754.9183682354633,193.98888629056253,False,819199,1855,4,4,453.41479000699997,G0002 G0060,3.2851861009809262,72.32,289.92,1420002016 1420002792 1420003816 1420005616
2501050237,2025-01-05T02:12:04.862,2025-01-05T02:37:40.865,2025-01-05T03:37:00.872,2025-01-05 02:12:21.179727518,2025-01-05 02:37:57.182727518,2025-01-05 03:37:17.189727518,16.317727517508303,M4,M4.2,True,-662.1395421531051,217.4061670499187,False,311295,799,4,4,544.0,G0002 G0060,1.4599857289455938,72.32,289.92,1420078800 1420079416 1420081216 1420083016
2501050715,2025-01-05T06:50:48.893,2025-01-05T07:15:24.896,2025-01-05T08:11:28.902,2025-01-05 06:51:05.318711393,2025-01-05 07:15:41.321711393,2025-01-05 08:11:45.327711393,16.425711392675165,M2,M2.1,True,-625.0794740791898,219.41831711748128,False,155647,735,2,2,32.0,G0060,2.2166202231679124,72.32,169.6,1420095864 1420096720
2501060151,2025-01-06T01:32:01.017,2025-01-06T01:51:13.019,2025-01-06T02:30:17.023,2025-01-06 01:32:17.909822738,2025-01-06 01:51:29.911822738,2025-01-06 02:30:33.915822738,16.892822738471104,M5,M3.2,True,-476.6971046922263,215.50514137837823,False,409599,1087,4,4,303.915822738,G0002 G0060,1.4364201648456307,72.32,289.92,1420163184 1420164016 1420165200 1420165816
2501060349,2025-01-06T03:36:21.031,2025-01-06T03:49:45.032,2025-01-06T04:19:21.035,2025-01-06 03:36:37.976593135,2025-01-06 03:50:01.977593135,2025-01-06 04:19:37.980593135,16.945593134961225,M1,M1.5,True,-468.21560737490654,214.61570316225783,False,86015,671,1,1,176.0,G0002,3.815899537126117,73.6,289.92,1420171216
2501170209,2025-01-17T01:41:33.456,2025-01-17T02:09:33.459,2025-01-17T02:36:01.462,2025-01-17 01:42:02.827062709,2025-01-17 02:10:02.830062709,2025-01-17 02:36:30.833062709,29.371062708974183,M1,M1.3,True,421.61158597547507,161.88581316073626,False,77823,735,8,3,408.0,G0002 G0060,0.6587126128907431,72.32,289.92,1421113648 1421114248 1421114416 1421115192 1421115224 1421115824 1421116216 1421116432
2501180056,2025-01-18T00:47:57.508,2025-01-18T00:56:49.509,2025-01-18T02:03:29.416,2025-01-18 00:48:28.473226849,2025-01-18 00:57:20.474226849,2025-01-18 02:04:00.381226849,30.96522684928842,M2,M1.7,True,558.9195566744901,95.94100735284532,False,126975,735,9,4,472.0,G0002 G0060,0.8664187036069965,72.32,320.64,1421197672 1421197840 1421198264 1421198880 1421199480 1421200088 1421200560 1421200688 1421200816
2501190331,2025-01-19T03:29:41.584,2025-01-19T03:31:49.584,2025-01-19T03:49:09.586,2025-01-19 03:30:14.513633506,2025-01-19 03:32:22.513633506,2025-01-19 03:49:42.515633506,32.929633505742316,M4,M2.4,True,785.353246760387,138.60467189782486,False,344063,2687,3,1,192.0,G0002,1.77095760090985,73.6,289.92,1421292616 1421292976 1421293576
2501230201,2025-01-23T01:56:05.906,2025-01-23T02:01:53.906,2025-01-23T02:32:45.910,2025-01-23 01:56:46.739203455,2025-01-23 02:02:34.739203455,2025-01-23 02:33:26.743203455,40.83320345488783,M1,C9.2,True,619.9892703152358,-146.57249529744792,False,63487,863,7,3,400.0,C001 G0002 G0060,2.8887738280822814,72.32,289.92,1421632624 1421632816 1421633592 1421633608 1421633984 1421634208 1421634616
2502070627,2025-02-07T06:21:12.326,2025-02-07T06:27:56.327,2025-02-07T07:02:24.330,2025-02-07 06:22:37.459711737,2025-02-07 06:29:21.460711737,2025-02-07 07:03:49.463711737,85.1337117373086,M2,M1.6,True,548.7190940306576,153.4105550572406,False,139263,799,3,3,312.0,G0002 G0060,1.1506591774902166,72.32,320.64,1422945016 1422945728 1422946912
2502070718,2025-02-07T07:11:52.331,2025-02-07T07:18:20.332,2025-02-07T08:29:00.340,2025-02-07 07:13:17.593127634,2025-02-07 07:19:45.594127634,2025-02-07 08:30:25.602127634,85.26212763441197,M2,M3.2,True,450.57407816210025,187.2528165375965,False,188415,1855,4,4,332.406872366,G0002 G0060,3.30113342599431,72.32,320.64,1422947512 1422947824 1422948832 1422949072
2502070914,2025-02-07T08:58:20.343,2025-02-07T09:14:12.345,2025-02-07T09:57:44.350,2025-02-07 08:59:45.900266200,2025-02-07 09:15:37.902266200,2025-02-07 09:59:09.907266200,85.55726620006072,M5,M7.6,True,620.3549676778549,236.9672496282743,False,507903,735,1,1,16.0,G0060,6.623929771834015,72.32,169.6,1422954664
2502230210,2025-02-23T02:04:25.949,2025-02-23T02:10:33.950,2025-02-23T02:28:45.952,2025-02-23 02:07:00.311608678,2025-02-23 02:13:08.312608678,2025-02-23 02:31:20.314608678,154.3626086783426,M3,M4.9,True,827.6396871265864,446.860900626264,False,507903,927,3,1,158.314608678,G0002,0.0548893119302845,73.6,289.92,1424312048 1424312656 1424313016
2502240659,2025-02-24T06:36:30.040,2025-02-24T06:59:10.043,2025-02-24T07:13:22.044,2025-02-24 06:39:10.333132327,2025-02-24 07:01:50.336132327,2025-02-24 07:16:02.337132327,160.29313232735453,M3,M3.3,True,330.40018318576125,390.20752076305234,False,442367,2943,6,3,280.0,G0002 G0060,2.0537463648048644,72.32,320.64,1424414920 1424415520 1424415848 1424416080 1424416248 1424416272
2502250244,2025-02-25T02:41:25.974,2025-02-25T02:44:01.974,2025-02-25T03:06:37.977,2025-02-25 02:44:10.428128205,2025-02-25 02:46:46.428128205,2025-02-25 03:09:22.431128205,164.4541282051889,M1,M1.4,True,641.6548377245408,-73.03660148436265,False,126975,799,4,2,208.0,G0002 G0060,2.178863544758356,72.32,289.92,1424486656 1424487000 1424487616 1424487816
2503270027,2025-03-27T00:15:12.112,2025-03-27T00:27:32.114,2025-03-27T01:22:28.120,2025-03-27 00:20:54.633988368,2025-03-27 00:33:14.635988368,2025-03-27 01:28:10.641988368,342.52198836788983,M2,M2.1,True,-561.4857874382287,266.09377962136585,False,819199,2687,4,1,40.0,G0002 G0060,0.9976444040236786,72.32,289.92,1427071944 1427072592 1427073200 1427073800
2508260025,2025-08-26T00:16:17.507,2025-08-26T00:25:45.508,2025-08-26T01:03:41.512,2025-08-26 00:20:28.380169225,2025-08-26 00:29:56.381169225,2025-08-26 01:07:52.385169225,250.8731692245262,M3,M3.4,True,-934.5761581521948,16.369331055414065,False,688127,1727,2,2,32.0,G0060,2.0630918186455247,72.32,169.6,1440204608 1440205296
2509300051,2025-09-30T00:39:32.070,2025-09-30T00:51:27.969,2025-09-30T01:15:11.972,2025-09-30 00:44:25.088854530,2025-09-30 00:56:20.987854530,2025-09-30 01:20:04.990854530,293.0188545300255,M1,C8.6,True,-517.2853631523903,-24.58505987287863,False,376831,12799,2,1,24.0,C123 G0060,2.5666793017750114,72.32,241.28,1443229648 1443229920
2510010218,2025-10-01T02:10:52.144,2025-10-01T02:18:36.144,2025-10-01T03:01:56.148,2025-10-01 02:15:38.112395617,2025-10-01 02:23:22.112395617,2025-10-01 03:06:42.116395617,285.9683956165806,M1,M1.2,True,-321.13289418187924,-12.955920517154984,False,278527,863,3,3,256.0,G0002 G0060,1.9374086267099144,72.32,289.92,1443320224 1443321016 1443322816
2510130517,2025-10-13T04:58:32.912,2025-10-13T05:17:52.914,2025-10-13T06:17:36.921,2025-10-13 05:02:01.028838147,2025-10-13 05:21:21.030838147,2025-10-13 06:21:05.037838147,208.116838146662,M2,M1.9,True,270.2512766448209,290.6135876689569,False,278527,735,5,4,320.971161853,C123 G0002 G0060,2.4371209348955647,72.32,289.92,1444366816 1444367840 1444367880 1444368616 1444370416
2510140036,2025-10-14T00:32:28.944,2025-10-14T00:36:52.945,2025-10-14T01:26:28.950,2025-10-14 00:35:52.324799208,2025-10-14 00:40:16.325799208,2025-10-14 01:29:52.330799208,203.3807992078399,M3,M2.0,True,405.87120977181536,277.78537553793797,False,622591,5887,1,1,16.0,G0060,3.919659498527668,72.32,169.6,1444439160
2510150407,2025-10-15T03:46:20.928,2025-10-15T04:07:52.931,2025-10-15T05:22:28.939,2025-10-15 03:49:37.684369111,2025-10-15 04:11:09.687369111,2025-10-15 05:25:45.695369111,196.75636911120756,M4,M4.8,True,599.3552349539219,312.7771275290056,False,819199,735,5,5,392.0,G0002 G0060,2.76102303695983,72.32,289.92,1444536016 1444537816 1444538568 1444539616 1444540720
2510150713,2025-10-15T07:08:12.951,2025-10-15T07:13:16.951,2025-10-15T07:36:12.954,2025-10-15 07:11:28.970497935,2025-10-15 07:16:32.970497935,2025-10-15 07:39:28.973497935,196.01949793460108,M4,M3.7,True,666.5010948161815,298.9751305601332,False,688127,1087,1,1,16.0,G0060,4.429167747766561,72.32,169.6,1444547888
2510170124,2025-10-17T01:11:09.035,2025-10-17T01:24:01.037,2025-10-17T01:42:17.039,2025-10-17 01:14:15.198219116,2025-10-17 01:27:07.200219116,2025-10-17 01:45:23.202219116,186.16321911612863,M2,M1.5,True,821.4868002098178,335.56881799196907,False,278527,799,1,1,16.0,G0060,2.142173926551262,72.32,169.6,1444700264
2510180220,2025-10-18T02:03:28.903,2025-10-18T02:20:32.905,2025-10-18T03:07:32.911,2025-10-18 02:06:29.396819566,2025-10-18 02:23:33.398819566,2025-10-18 03:10:33.404819566,180.49381956565384,M1,M1.2,True,891.5852308812555,333.713443542579,False,155647,4351,4,4,272.0,G0002 G0060,1.475065765341914,72.32,289.92,1444788576 1444789816 1444791616 1444791768
2510180635,2025-10-18T06:30:36.934,2025-10-18T06:35:48.934,2025-10-18T07:05:40.938,2025-10-18 06:33:36.471457326,2025-10-18 06:38:48.471457326,2025-10-18 07:08:40.475457326,179.5374573263334,M1,M1.3,True,896.6829347839526,332.0166518579219,False,139263,799,2,2,32.0,G0060,4.59253434956881,72.32,169.6,1444804936 1444805032
2511050502,2025-11-05T04:53:44.721,2025-11-05T05:02:20.722,2025-11-05T05:20:44.724,2025-11-05 04:55:25.534781571,2025-11-05 05:04:01.535781571,2025-11-05 05:22:25.537781571,100.81378157137408,M1,M1.0,True,-669.8959967207629,350.4260124175865,False,86015,2431,3,2,144.0,C123 G0002 G0060,3.42246623652715,72.32,289.92,1446353880 1446354016 1446354304
2511140735,2025-11-14T07:30:41.187,2025-11-14T07:35:25.187,2025-11-14T07:38:13.188,2025-11-14 07:31:55.198484831,2025-11-14 07:36:39.198484831,2025-11-14 07:39:27.199484831,74.01148483071167,M2,M1.8,True,834.5937316965568,361.7976053164272,False,118783,671,1,1,16.0,G0060,5.021581052214804,72.32,169.6,1447140800
2512010241,2025-12-01T02:33:41.888,2025-12-01T02:41:49.889,2025-12-01T03:51:48.196,2025-12-01 02:34:28.034837634,2025-12-01 02:42:36.035837634,2025-12-01 03:52:34.342837634,46.14683763439934,X2,X1.9,True,-837.997238653712,389.19062821477087,True,1778763,3967,3,3,256.0,G0002 G0060,2.1992061207138893,72.32,289.92,1448592600 1448593216 1448595016
2512040248,2025-12-04T02:34:24.470,2025-12-04T02:48:20.472,2025-12-04T03:39:16.478,2025-12-04 02:35:08.493159893,2025-12-04 02:49:04.495159893,2025-12-04 03:40:00.501159893,44.02315989275421,M6,M6.1,True,-752.5268540570978,95.76551016590474,False,507903,927,5,5,496.0,G0002 G0060,2.689028559457715,71.04,289.92,1448851800 1448852032 1448852416 1448854216 1448854672
2512080009,2025-12-07T23:58:48.999,2025-12-08T00:09:53.000,2025-12-08T00:29:40.999,2025-12-07 23:59:31.554849674,2025-12-08 00:10:35.555849674,2025-12-08 00:30:23.554849674,42.55584967390429,M2,M2.5,True,210.61917016196335,323.7567609650249,False,139263,863,1,1,16.0,G0060,3.831982004230417,72.32,169.6,1449187752
2512080500,2025-12-08T04:49:49.029,2025-12-08T05:00:09.030,2025-12-08T05:33:53.033,2025-12-08 04:50:31.548160505,2025-12-08 05:00:51.549160505,2025-12-08 05:34:35.552160505,42.51916050511679,X1,X1.1,True,752.7984497586147,-260.6321557472557,False,1245183,3967,4,4,344.0,G0002 G0060,2.5679386657012313,71.04,289.92,1449205216 1449205312 1449205952 1449207016
2512080650,2025-12-08T06:41:29.041,2025-12-08T06:50:17.042,2025-12-08T08:07:53.051,2025-12-08 06:42:11.547198582,2025-12-08 06:50:59.548198582,2025-12-08 08:08:35.557198582,42.50619858170448,M1,M1.8,True,152.60467603025918,381.48519769730234,False,94207,735,2,2,136.0,G0002 G0060,1.9793366484205637,72.32,236.16,1449211672 1449212736
2512090051,2025-12-09T00:23:49.160,2025-12-09T00:51:21.163,2025-12-09T01:43:13.168,2025-12-09 00:24:31.569982841,2025-12-09 00:52:03.572982841,2025-12-09 01:43:55.577982841,42.40998284080487,M2,M2.0,True,278.82465249713806,377.7815712124965,False,118783,799,7,7,385.577982841,G0002 G0060,1.6372177988552905,72.32,320.64,1449276232 1449276568 1449277792 1449277880 1449278784 1449279352 1449279832
2512090159,2025-12-09T01:57:53.170,2025-12-09T01:59:29.170,2025-12-09T02:16:45.172,2025-12-09 01:58:35.574575326,2025-12-09 02:00:11.574575326,2025-12-09 02:17:27.576575326,42.40457532593165,M1,C9.1,True,648.6406401280782,-235.12408506339312,False,63487,1471,5,5,989.576575326,G0002 OA004,0.4821383374398369,73.6,289.92,1449280816 1449281056 1449281296 1449281536 1449281776
2512090743,2025-12-09T07:13:01.106,2025-12-09T07:43:45.109,2025-12-09T08:15:05.112,2025-12-09 07:13:43.493236027,2025-12-09 07:44:27.496236027,2025-12-09 08:15:47.499236027,42.38723602720755,M1,M1.7,True,688.8525594204881,-230.6485478056525,False,59391,671,2,2,32.0,G0060,2.072416959794322,72.32,169.6,1449300976 1449301808
2512100421,2025-12-10T04:17:57.147,2025-12-10T04:21:13.147,2025-12-10T04:35:01.148,2025-12-10 04:18:39.511294776,2025-12-10 04:21:55.511294776,2025-12-10 04:35:43.512294776,42.364294776069386,M1,M1.3,True,843.3270813814997,-236.40623585024645,False,94207,735,6,6,1024.001,G0002 OA004,3.2370835160414284,73.6,289.92,1449375376 1449375616 1449375856 1449376216 1449376336 1449376576
2512100735,2025-12-10T07:24:21.167,2025-12-10T07:35:53.169,2025-12-10T07:54:33.173,2025-12-10 07:25:03.534583460,2025-12-10 07:36:35.536583460,2025-12-10 07:55:15.540583460,42.3675834599957,M3,M2.0,True,855.7294227723876,-246.65132239059437,False,204799,735,2,2,32.0,G0060,2.0508600241770094,72.32,169.6,1449387432 1449388248
2512120503,2025-12-12T04:58:45.273,2025-12-12T05:03:01.273,2025-12-12T05:09:17.274,2025-12-12 04:59:27.864173710,2025-12-12 05:03:43.864173710,2025-12-12 05:09:59.865173710,42.591173710115875,M2,M2.0,True,898.601029338239,-337.26190560643954,False,126975,863,6,6,568.001,G0002 OA004,2.8103795625448527,73.6,320.64,1449550576 1449550816 1449551056 1449551160 1449551320 1449551392
2512270147,2025-12-27T01:39:25.067,2025-12-27T01:47:01.068,2025-12-27T03:07:32.977,2025-12-27 01:40:21.266188918,2025-12-27 01:47:57.267188918,2025-12-27 03:08:29.176188918,56.19918891766056,M5,M5.2,True,-918.528343917802,-172.3940937425364,False,507903,1727,7,7,632.0,G0002 G0060,1.9010412266078656,71.04,289.92,1450835520 1450835760 1450836016 1450837200 1450837816 1450838832 1450839616
2512290303,2025-12-29T02:58:04.198,2025-12-29T03:03:52.198,2025-12-29T03:31:32.202,2025-12-29 02:59:03.952516704,2025-12-29 03:04:51.952516704,2025-12-29 03:32:31.956516704,59.75451670375071,M1,C8.9,True,-677.7117139017209,407.7308452415675,False,69631,735,2,2,240.0,G0002,4.011192887739961,73.6,289.92,1451012416 1451014216
2601010222,2026-01-01T02:09:56.677,2026-01-01T02:22:08.678,2026-01-01T02:51:04.682,2026-01-01 02:11:02.316585955,2026-01-01 02:23:14.317585955,2026-01-01 02:52:10.321585955,65.63958595456168,M1,C9.6,True,-58.87769766431302,-131.78061840832737,False,94207,799,2,2,136.0,G0002 G0060,1.7479062951486397,72.32,289.92,1451269200 1451269816
2601210708,2026-01-21T06:54:30.545,2026-01-21T07:08:50.547,2026-01-21T08:11:58.554,2026-01-21 06:56:40.416973728,2026-01-21 07:11:00.418973728,2026-01-21 08:14:08.425973728,129.87197372757703,M3,M3.4,True,-804.9144079983234,-224.03371075656827,False,442367,799,1,1,16.0,G0060,4.244569178744351,72.32,169.6,1453015192
