burst_peak_utc,ecallisto_type,assa_strength,n_stations,mwa_obs_id,mwa_project,mwa_start,mwa_dur_s,mwa_freq,mwa_archived_GB,stix_flare,stix_peak_earth,stix_est_class,goes_class,stix_visible_from_earth,hpc_earth
2024-11-07 04:59:36,VI,19.25,13,1414990792,G0002,04:59:34,8,71-235,66,2411070414.0,04:16:52,M2,M2.5,True,"(-24,-198)"
2026-01-07 06:11:13,IIIGG/3,17.0,13,1451801392,G0002,06:09:34,120,81-220,53,2601070610.0,06:11:49,C9,C7.4,True,"(-240,-216)"
2024-12-25 04:49:54,II,15.25,9,1419137296,OA004,04:47:58,240,74-290,46,2412250448.0,04:49:05,M6,M5.0,True,"(-88,-297)"
2024-12-21 00:37:50,III,15.0,3,1418776688,G0060,00:37:50,16,72-170,7,2412210038.0,00:38:28,M4,M2.0,True,"(-818,-272)"
2025-12-10 05:46:16,---,14.0,6,1449380656,OA004,05:43:58,240,74-290,107,2512100536.0,05:37:07,C3,C3.2,True,"(859,-248)"
2026-01-06 23:55:42,IIIG/3,12.0,10,1451778960,G0002,23:55:42,120,163-237,53,2601070010.0,00:11:29,C5,C4.5,True,"(-290,-224)"
2025-11-11 02:00:12,---,12.0,7,1446861616,G0002,01:59:58,120,74-290,53,,,,,,
2024-08-10 02:31:06,RSP,10.0,4,1407292216,G0002,02:29:58,120,74-290,26,2408100232.0,02:34:05,C2,M5.3,False,
2024-12-29 03:12:23,VI,10.0,10,1419477136,OA004,03:11:58,240,74-290,46,2412290245.0,02:45:57,C6,M1.4,True,"(541,200)"
2025-09-29 04:12:34,---,10.0,6,1443154216,OA004,04:09:58,240,74-290,106,2509290409.0,04:14:26,C5,C6.6,True,"(-675,-2)"
2026-08-20 04:07:09,III/2,8.25,15,1471233856,OA004,04:03:58,240,74-290,107,2608200359.0,04:05:21,B3,C3.3,,
2025-11-11 04:31:33,---,7.0,10,1446870616,G0002,04:29:58,120,74-290,53,2511110433.0,04:34:31,C2,C3.6,True,"(374,291)"
